{"assets/icons/appicon.png":["assets/icons/appicon.png"],"assets/icons/facebook.png":["assets/icons/facebook.png"],"assets/icons/instagram.png":["assets/icons/instagram.png"],"assets/icons/social.png":["assets/icons/social.png"],"assets/icons/whatsapp.png":["assets/icons/whatsapp.png"],"assets/icons/youtube.png":["assets/icons/youtube.png"],"assets/images/ansurence.png":["assets/images/ansurence.png"],"assets/images/applogo.png":["assets/images/applogo.png"],"assets/images/b1.png":["assets/images/b1.png"],"assets/images/b2.png":["assets/images/b2.png"],"assets/images/bansal.mp4":["assets/images/bansal.mp4"],"assets/images/img1.jpg":["assets/images/img1.jpg"],"assets/images/img2.jpg":["assets/images/img2.jpg"],"assets/images/img3.jpg":["assets/images/img3.jpg"],"assets/images/img4.jpg":["assets/images/img4.jpg"],"assets/images/img5.jpg":["assets/images/img5.jpg"],"assets/images/img6.jpg":["assets/images/img6.jpg"],"assets/images/loginbackground.png":["assets/images/loginbackground.png"],"assets/images/maplocationshop.png":["assets/images/maplocationshop.png"],"assets/images/mens.jpg":["assets/images/mens.jpg"],"assets/images/otpimage.png":["assets/images/otpimage.png"],"assets/images/rate12.png":["assets/images/rate12.png"],"assets/images/update.png":["assets/images/update.png"],"assets/images/videocall.png":["assets/images/videocall.png"],"assets/images/womens.jpg":["assets/images/womens.jpg"],"packages/cupertino_icons/assets/CupertinoIcons.ttf":["packages/cupertino_icons/assets/CupertinoIcons.ttf"],"packages/flutter_vector_icons/fonts/AntDesign.ttf":["packages/flutter_vector_icons/fonts/AntDesign.ttf"],"packages/flutter_vector_icons/fonts/Entypo.ttf":["packages/flutter_vector_icons/fonts/Entypo.ttf"],"packages/flutter_vector_icons/fonts/EvilIcons.ttf":["packages/flutter_vector_icons/fonts/EvilIcons.ttf"],"packages/flutter_vector_icons/fonts/Feather.ttf":["packages/flutter_vector_icons/fonts/Feather.ttf"],"packages/flutter_vector_icons/fonts/FontAwesome.ttf":["packages/flutter_vector_icons/fonts/FontAwesome.ttf"],"packages/flutter_vector_icons/fonts/FontAwesome5_Brands.ttf":["packages/flutter_vector_icons/fonts/FontAwesome5_Brands.ttf"],"packages/flutter_vector_icons/fonts/FontAwesome5_Regular.ttf":["packages/flutter_vector_icons/fonts/FontAwesome5_Regular.ttf"],"packages/flutter_vector_icons/fonts/FontAwesome5_Solid.ttf":["packages/flutter_vector_icons/fonts/FontAwesome5_Solid.ttf"],"packages/flutter_vector_icons/fonts/Fontisto.ttf":["packages/flutter_vector_icons/fonts/Fontisto.ttf"],"packages/flutter_vector_icons/fonts/Foundation.ttf":["packages/flutter_vector_icons/fonts/Foundation.ttf"],"packages/flutter_vector_icons/fonts/Ionicons.ttf":["packages/flutter_vector_icons/fonts/Ionicons.ttf"],"packages/flutter_vector_icons/fonts/MaterialCommunityIcons.ttf":["packages/flutter_vector_icons/fonts/MaterialCommunityIcons.ttf"],"packages/flutter_vector_icons/fonts/MaterialIcons.ttf":["packages/flutter_vector_icons/fonts/MaterialIcons.ttf"],"packages/flutter_vector_icons/fonts/Octicons.ttf":["packages/flutter_vector_icons/fonts/Octicons.ttf"],"packages/flutter_vector_icons/fonts/SimpleLineIcons.ttf":["packages/flutter_vector_icons/fonts/SimpleLineIcons.ttf"],"packages/flutter_vector_icons/fonts/Zocial.ttf":["packages/flutter_vector_icons/fonts/Zocial.ttf"],"packages/font_awesome_flutter/lib/fonts/fa-brands-400.ttf":["packages/font_awesome_flutter/lib/fonts/fa-brands-400.ttf"],"packages/font_awesome_flutter/lib/fonts/fa-regular-400.ttf":["packages/font_awesome_flutter/lib/fonts/fa-regular-400.ttf"],"packages/font_awesome_flutter/lib/fonts/fa-solid-900.ttf":["packages/font_awesome_flutter/lib/fonts/fa-solid-900.ttf"]}